-- =====================================================
-- 角色权限初始化 SQL
-- 数据库: weiwai (PostgreSQL)
-- 4个角色: 系统管理员 / 经理 / 业务员 / 加工方
-- =====================================================

-- =====================================================
-- 1. 隐藏部门管理（menu_id=103）
-- =====================================================
UPDATE sys_menu SET visible = '1' WHERE menu_id = 103;

-- =====================================================
-- 2. 新增菜单：我方工作台、加工方工作台、委外工单
-- =====================================================

-- 我方工作台（一级菜单下的二级菜单）
INSERT INTO "public"."sys_menu" VALUES (
    9430, '我方工作台', 9400, 0, 'dashboard', 'entrust/dashboard/index', '', '', 1, 0, 'C', '0', '0', 'entrust:dashboard:view', 'dashboard', 'admin', now(), '', NULL, '我方工作台'
);

-- 加工方工作台（二级菜单，只给加工方角色看）
INSERT INTO "public"."sys_menu" VALUES (
    9440, '加工方工作台', 9400, 6, 'processor', 'entrust/processor/index', '', '', 1, 0, 'C', '0', '0', 'entrust:processor:view', 'skill', 'admin', now(), '', NULL, '加工方工作台'
);

-- 委外工单
INSERT INTO "public"."sys_menu" VALUES (
    9470, '委外工单', 9400, 4, 'order', 'entrust/order/index', '', '', 1, 0, 'C', '0', '0', 'entrust:order:list', 'list', 'admin', now(), '', NULL, '委外工单菜单'
);
-- 委外工单按钮
INSERT INTO "public"."sys_menu" VALUES (9471, '工单查询', 9470, 1, '#', '', '', '', 1, 0, 'F', '0', '0', 'entrust:order:query', '#', 'admin', now(), '', NULL, '');
INSERT INTO "public"."sys_menu" VALUES (9472, '工单编辑', 9470, 2, '#', '', '', '', 1, 0, 'F', '0', '0', 'entrust:order:edit', '#', 'admin', now(), '', NULL, '');

-- =====================================================
-- 3. 创建角色（role_id 从 100 开始，避开若依自带的 1/2）
-- =====================================================

-- 系统管理员（拥有系统管理 + 委外管理全部菜单）
INSERT INTO "public"."sys_role" (role_id, role_name, role_key, role_sort, data_scope, menu_check_strictly, dept_check_strictly, status, del_flag, create_by, create_time, remark)
VALUES (100, '系统管理员', 'our_admin', 1, '1', 1, 1, '0', '0', 'admin', now(), '系统管理员，管理用户角色菜单，查看所有业务');

-- 经理（审批项目、查看所有业务、委外工单）
INSERT INTO "public"."sys_role" (role_id, role_name, role_key, role_sort, data_scope, menu_check_strictly, dept_check_strictly, status, del_flag, create_by, create_time, remark)
VALUES (101, '经理', 'manager', 2, '1', 1, 1, '0', '0', 'admin', now(), '审批项目，查看所有业务数据');

-- 业务员/采购员（创建项目、提交、查看匹配、发起询价）
INSERT INTO "public"."sys_role" (role_id, role_name, role_key, role_sort, data_scope, menu_check_strictly, dept_check_strictly, status, del_flag, create_by, create_time, remark)
VALUES (102, '业务员', 'buyer', 3, '1', 1, 1, '0', '0', 'admin', now(), '创建项目、提交审批、查看匹配结果、管理加工方');

-- 加工方（外部，只看自己的询价和工单）
INSERT INTO "public"."sys_role" (role_id, role_name, role_key, role_sort, data_scope, menu_check_strictly, dept_check_strictly, status, del_flag, create_by, create_time, remark)
VALUES (103, '加工方', 'processor', 4, '5', 1, 1, '0', '0', 'admin', now(), '外部加工方，只看分配给自己的询价和工单');

-- 重置序列
SELECT setval('sys_role_role_id_seq', 200, false);

-- =====================================================
-- 4. 角色菜单权限分配 (sys_role_menu)
-- =====================================================

-- ---- 系统管理员 (role_id=100) ----
-- 系统管理菜单（用户/角色/菜单/字典管理，不含部门）
-- 若依系统管理目录 menu_id=1
INSERT INTO "public"."sys_role_menu" (role_id, menu_id) VALUES
    (100, 1),     -- 系统管理目录
    (100, 100),   -- 用户管理
    (100, 1000), (100, 1001), (100, 1002), (100, 1003), (100, 1004), -- 用户按钮
    (100, 101),   -- 角色管理
    (100, 1005), (100, 1006), (100, 1007), (100, 1008), -- 角色按钮
    (100, 102),   -- 菜单管理
    (100, 1015), (100, 1016), (100, 1017), (100, 1018), -- 菜单按钮
    (100, 105),   -- 字典管理
    (100, 1026), (100, 1027), (100, 1028), (100, 1029), -- 字典按钮
    -- 委外管理全部菜单
    (100, 9400),  -- 委外管理目录
    (100, 9430),  -- 我方工作台
    (100, 9401), (100, 9402), (100, 9403), (100, 9404), (100, 9405), -- 项目管理
    (100, 9410), (100, 9411), (100, 9412), (100, 9413), (100, 9414), -- 加工方管理
    (100, 9420), (100, 9421), (100, 9422), (100, 9423), (100, 9424), (100, 9425), (100, 9426), -- 询价管理
    (100, 9470), (100, 9471), (100, 9472); -- 委外工单

-- ---- 经理 (role_id=101) ----
-- 不含系统管理，只有委外业务菜单
INSERT INTO "public"."sys_role_menu" (role_id, menu_id) VALUES
    (101, 9400),  -- 委外管理目录
    (101, 9430),  -- 我方工作台
    (101, 9401), (101, 9402), (101, 9403), (101, 9404), (101, 9405), -- 项目管理
    (101, 9410), (101, 9411), (101, 9412), (101, 9413), (101, 9414), -- 加工方管理（只读查询）
    (101, 9420), (101, 9421), (101, 9422), (101, 9423), (101, 9424), (101, 9425), (101, 9426), -- 询价管理
    (101, 9470), (101, 9471), (101, 9472); -- 委外工单

-- ---- 业务员 (role_id=102) ----
-- 项目管理（含增删改查）、加工方管理、询价管理
INSERT INTO "public"."sys_role_menu" (role_id, menu_id) VALUES
    (102, 9400),  -- 委外管理目录
    (102, 9430),  -- 我方工作台
    (102, 9401), (102, 9402), (102, 9403), (102, 9404), (102, 9405), -- 项目管理
    (102, 9410), (102, 9411), (102, 9412), (102, 9413), (102, 9414), -- 加工方管理
    (102, 9420), (102, 9421), (102, 9422), (102, 9423), (102, 9424), (102, 9425), (102, 9426), -- 询价管理
    (102, 9470), (102, 9471), (102, 9472); -- 委外工单

-- ---- 加工方 (role_id=103) ----
-- 只看到加工方工作台
INSERT INTO "public"."sys_role_menu" (role_id, menu_id) VALUES
    (103, 9400),  -- 委外管理目录（必须，否则子菜单不显示）
    (103, 9440);  -- 加工方工作台

-- =====================================================
-- 5. 确保管理员 (role_id=1) 也有所有新菜单
-- =====================================================
INSERT INTO "public"."sys_role_menu" (role_id, menu_id) VALUES
    (1, 9430),
    (1, 9440),
    (1, 9470), (1, 9471), (1, 9472);
